<?xml version="1.0" encoding="UTF-8"?><?xml-stylesheet type="text/css" href="idempiereDocument.css"?><idempiereDocument>
    <header>2Pack_2.0.1_TMSDemoData Package Description</header>
    <H1>Package Name:</H1>
    <packagename>2Pack_2.0.1_TMSDemoData</packagename>
    <H1>Author:</H1>
    <Name:/>
    <H1>Email Address:</H1>
    <Email/>
    <H1>Created:</H1>
    <Date>2021-10-27 09:09:37.002</Date>
    <H1>Updated:</H1>
    <Date>2021-10-29 11:23:01.395</Date>
    <H1>Description:</H1>
    <description>TMS DEMO DATA for GardenWorld</description>
    <H1>Instructions:</H1>
    <instructions/>
    <H1>Files in Package:</H1>
    <file>File: PackOut.xml</file>
    <filedirectory>Directory: \dict\</filedirectory>
    <filenotes>Notes: Contains all application/object settings for package</filenotes>
    <H1>Client:</H1>
    <Client>11-GardenWorld-GardenWorld</Client>
</idempiereDocument>
