<?xml version="1.0" encoding="UTF-8"?><?xml-stylesheet type="text/css" href="idempiereDocument.css"?><idempiereDocument>
    <header>2Pack_2.2.0_TMSModule Package Description</header>
    <H1>Package Name:</H1>
    <packagename>2Pack_2.2.0_TMSModule</packagename>
    <H1>Author:</H1>
    <Name:/>
    <H1>Email Address:</H1>
    <Email>pshepetko@gmail.com</Email>
    <H1>Created:</H1>
    <Date>2021-10-27 02:09:12.935</Date>
    <H1>Updated:</H1>
    <Date>2022-01-14 20:23:48.253</Date>
    <H1>Description:</H1>
    <description>TMS Module v.2.2.0 Beta</description>
    <H1>Instructions:</H1>
    <instructions/>
    <H1>Files in Package:</H1>
    <file>File: PackOut.xml</file>
    <filedirectory>Directory: \dict\</filedirectory>
    <filenotes>Notes: Contains all application/object settings for package</filenotes>
    <H1>Client:</H1>
    <Client>0-SYSTEM-System</Client>
</idempiereDocument>
