<?xml version="1.0" encoding="UTF-8"?><?xml-stylesheet type="text/css" href="idempiereDocument.css"?><idempiereDocument>
    <header>2Pack_TMS_1.0.04 Package Description</header>
    <H1>Package Name:</H1>
    <packagename>2Pack_TMS_1.0.04</packagename>
    <H1>Author:</H1>
    <Name:/>
    <H1>Email Address:</H1>
    <Email/>
    <H1>Created:</H1>
    <Date>2019-03-19 18:36:45.412</Date>
    <H1>Updated:</H1>
    <Date>2019-08-06 17:31:10.963</Date>
    <H1>Description:</H1>
    <description>Transport Management Plugin 1.0.04</description>
    <H1>Instructions:</H1>
    <instructions/>
    <H1>Files in Package:</H1>
    <file>File: PackOut.xml</file>
    <filedirectory>Directory: \dict\</filedirectory>
    <filenotes>Notes: Contains all application/object settings for package</filenotes>
    <H1>Client:</H1>
    <Client>0-SYSTEM-System</Client>
</idempiereDocument>
